battery_consumption_ratio,seed,episodes,observation_days,human_ev_vehicle_count,aev_vehicle_count,all_vehicle_count,base_consumption_wh_per_mile,effective_consumption_wh_per_mile,effective_consumption_kwh_per_km,configured_initial_battery_mean,realized_initial_battery_mean,realized_initial_battery_mean_human_ev,realized_initial_battery_mean_aev,avg_daily_charging_sessions_per_human_ev,avg_daily_charging_sessions_per_aev,avg_daily_charging_sessions_per_vehicle,avg_charging_session_duration_minutes_human_ev,avg_charging_session_duration_minutes_aev,avg_charging_session_duration_minutes_all,avg_wait_steps_waiting_charging_vehicles,avg_wait_minutes_waiting_charging_vehicles,waiting_charging_vehicle_count,mean_completed_orders,mean_service_ratio,mean_final_battery_soc,mean_final_battery_soc_human_ev,mean_final_battery_soc_aev,total_distance_km_human_ev,total_distance_km_aev,mcmf_aev_request_selections,mcmf_aev_charge_selections,mcmf_aev_wait_selections,mcmf_aev_relocate_selections,mcmf_low_soc_aev_charge_selections,mcmf_low_soc_aev_wait_selections,initial_soc_case
0.8,256,1,1.0,100,100,200,230.0,184.0,0.1143322993716694,0.875,0.8706528743173492,0.8702900680856395,0.871015680549059,5.87,0.0,2.935,17.13888888888889,0.0,17.13888888888889,4.181818181818182,8.363636363636363,44.0,7992.0,0.0622463841486685,0.4655351133872578,0.7307971296178225,0.2002730971566931,33743.97518207683,30066.35709049396,4211,0,0,11160,0,0,0.875
0.8,512,1,1.0,100,100,200,230.0,184.0,0.1143322993716694,0.875,0.8755651451554806,0.8739495736884639,0.8771807166224973,5.7,0.0,2.85,17.043010752688172,0.0,17.043010752688172,3.4054054054054053,6.8108108108108105,37.0,8064.0,0.0628071623842421,0.4555420022964666,0.710344686693134,0.2007393178997992,33962.296009125464,30321.809213196488,4240,0,0,10698,0,0,0.875
0.8,1024,1,1.0,100,100,200,230.0,184.0,0.1143322993716694,0.875,0.8746093531058361,0.8756884990275522,0.87353020718412,5.58,0.0,2.79,17.610200364298723,0.0,17.610200364298723,4.375,8.75,32.0,8046.0,0.0626669678253487,0.4604153026567237,0.7206035429604946,0.2002270623529528,33996.87737895217,30181.135481604575,4187,0,0,11026,0,0,0.875
0.9025,256,1,1.0,100,100,200,230.0,207.575,0.1289811252286646,0.875,0.8706528743173492,0.8702900680856395,0.871015680549059,5.64,0.0,2.82,19.439421338155515,0.0,19.439421338155515,4.404761904761905,8.809523809523812,42.0,7670.0,0.0597384592617977,0.4566328601318081,0.7131097283824941,0.2001559918811223,33084.03775621419,26656.271592667465,3959,0,0,17358,0,0,0.875
0.9025,512,1,1.0,100,100,200,230.0,207.575,0.1289811252286646,0.875,0.8755651451554806,0.8739495736884639,0.8771807166224973,5.53,0.0,2.765,19.418181818181814,0.0,19.418181818181814,4.072727272727272,8.145454545454545,55.0,7582.0,0.0590530636405411,0.4573230411596689,0.7144908604941649,0.2001552218251729,32592.444714462847,26901.26679143854,3941,0,0,17069,0,0,0.875
0.9025,1024,1,1.0,100,100,200,230.0,207.575,0.1289811252286646,0.875,0.8746093531058361,0.8756884990275522,0.87353020718412,5.24,0.0,2.62,20.584795321637426,0.0,20.584795321637426,6.0,12.0,67.0,7514.0,0.0585234397513883,0.4608636219415722,0.7215810163562236,0.200146227526921,32562.19092856908,26756.57302279559,3917,0,0,17313,0,0,0.875
0.95,256,1,1.0,100,100,200,230.0,218.5,0.1357696055038574,0.875,0.8706528743173492,0.8702900680856395,0.871015680549059,5.84,0.0,2.92,20.086505190311417,0.0,20.086505190311417,4.885245901639344,9.77049180327869,61.0,7425.0,0.0578302555435265,0.4609296377880583,0.7217514893619739,0.2001077862141425,32997.05425650641,25325.27766951994,3766,0,0,20054,0,0,0.875
0.95,512,1,1.0,100,100,200,230.0,218.5,0.1357696055038574,0.875,0.8755651451554806,0.8739495736884639,0.8771807166224973,5.59,0.0,2.795,20.27322404371585,0.0,20.27322404371585,5.196969696969697,10.393939393939394,66.0,7359.0,0.057316208827584,0.4568027225688029,0.7134740248831671,0.2001314202544387,32643.961998454073,25557.10190811184,3795,0,0,19648,0,0,0.875
0.95,1024,1,1.0,100,100,200,230.0,218.5,0.1357696055038574,0.875,0.8746093531058361,0.8756884990275522,0.87353020718412,5.45,0.0,2.725,20.70280373831776,0.0,20.70280373831776,7.064516129032258,14.129032258064516,93.0,7423.0,0.0578146783703161,0.4531677176824257,0.7062393190478091,0.2000961163170423,32786.52649902024,25420.635958138955,3852,0,0,19677,0,0,0.875
1.0,256,1,1.0,100,100,200,230.0,230.0,0.1429153742145868,0.875,0.8706528743173492,0.8702900680856395,0.871015680549059,6.02,0.0,3.01,20.60677966101695,0.0,20.60677966101695,4.621951219512195,9.24390243902439,82.0,7263.0,0.0565685045134859,0.4516438808167685,0.7032094009630007,0.2000783606705363,33352.69039944424,24060.068997296483,3622,0,0,22564,0,0,0.875
1.0,512,1,1.0,100,100,200,230.0,230.0,0.1429153742145868,0.875,0.8755651451554806,0.8739495736884639,0.8771807166224973,5.41,0.0,2.705,21.853107344632768,0.0,21.853107344632768,5.6923076923076925,11.384615384615383,78.0,7220.0,0.0562335952894628,0.4560627898026482,0.712055598126254,0.2000699814790422,32062.656902180566,24281.450030699325,3635,0,0,22150,0,0,0.875
1.0,1024,1,1.0,100,100,200,230.0,230.0,0.1429153742145868,0.875,0.8746093531058361,0.8756884990275522,0.87353020718412,5.6,0.0,2.8,21.714285714285715,0.0,21.714285714285715,4.608695652173913,9.217391304347826,69.0,7266.0,0.0565918702733015,0.4574194002382175,0.7147203652961669,0.2001184351802681,32814.17053755426,24148.803797257693,3633,0,0,22378,0,0,0.875
1.05,256,1,1.0,100,100,200,230.0,241.5,0.1500611429253161,0.875,0.8706528743173492,0.8702900680856395,0.871015680549059,5.93,0.0,2.965,21.07745266781411,0.0,21.07745266781411,6.096774193548387,12.193548387096774,93.0,6962.0,0.0542241399453241,0.4519774525703751,0.7038841529338022,0.2000707522069479,32139.186965601777,22914.61127591609,3424,0,0,24985,0,0,0.875
1.05,512,1,1.0,100,100,200,230.0,241.5,0.1500611429253161,0.875,0.8755651451554806,0.8739495736884639,0.8771807166224973,5.8,0.0,2.9,21.657342657342657,0.0,21.657342657342657,5.556962025316456,11.113924050632912,79.0,6944.0,0.0540839453864307,0.4604732838128757,0.720907243212107,0.2000393244136443,31707.144879617575,23126.237528375445,3433,0,0,24642,0,0,0.875
1.05,1024,1,1.0,100,100,200,230.0,241.5,0.1500611429253161,0.875,0.8746093531058361,0.8756884990275522,0.87353020718412,5.61,0.0,2.805,22.218579234972676,0.0,22.218579234972676,4.630769230769231,9.261538461538462,65.0,7039.0,0.0548238611139236,0.4426376820752354,0.6852129797568911,0.2000623843935797,32754.787451086308,23000.775047537067,3378,0,0,24962,0,0,0.875
1.1025,256,1,1.0,100,100,200,230.0,253.575,0.1575642000715819,0.875,0.8706528743173492,0.8702900680856395,0.871015680549059,6.06,0.0,3.03,22.134680134680135,0.0,22.134680134680135,6.546218487394958,13.092436974789916,119.0,6714.0,0.0522925704672373,0.4541092375202034,0.7081675028206493,0.2000509722197573,32283.683373088817,21824.082682648852,3095,0,0,27683,0,0,0.875
1.1025,512,1,1.0,100,100,200,230.0,253.575,0.1575642000715819,0.875,0.8755651451554806,0.8739495736884639,0.8771807166224973,5.76,0.0,2.88,22.566901408450704,0.0,22.566901408450704,5.037383177570093,10.074766355140186,107.0,6719.0,0.0523315134002632,0.4508772726927189,0.7017115415703705,0.2000430038150673,31789.08699864943,22024.868444490916,3221,0,0,27020,0,0,0.875
1.1025,1024,1,1.0,100,100,200,230.0,253.575,0.1575642000715819,0.875,0.8746093531058361,0.8756884990275522,0.87353020718412,5.92,0.0,2.96,23.077720207253886,0.0,23.077720207253886,6.01,12.02,100.0,6818.0,0.0531025834741769,0.4533792053924591,0.7067011548381966,0.2000572559467212,33002.09703090685,21905.666855310898,3228,0,0,27204,0,0,0.875
1.2,256,1,1.0,100,100,200,230.0,276.0,0.1714984490575041,0.875,0.8706528743173492,0.8702900680856395,0.871015680549059,5.92,0.0,2.96,23.237113402061855,0.0,23.237113402061855,6.2272727272727275,12.454545454545457,110.0,6285.0,0.0489512668136113,0.4469150944355522,0.6937842809172524,0.2000459079538519,30831.124786272947,20051.02730344457,2932,0,0,31075,0,0,0.875
1.2,512,1,1.0,100,100,200,230.0,276.0,0.1714984490575041,0.875,0.8755651451554806,0.8739495736884639,0.8771807166224973,5.68,0.0,2.84,24.622540250447223,0.0,24.622540250447223,7.58,15.16,100.0,6398.0,0.0498313770999976,0.4520851792221487,0.7041236267300754,0.2000467317142218,31118.8581540549,20235.23648013446,3023,0,0,30481,0,0,0.875
1.2,1024,1,1.0,100,100,200,230.0,276.0,0.1714984490575041,0.875,0.8746093531058361,0.8756884990275522,0.87353020718412,5.86,0.0,2.93,23.92374350086655,0.0,23.92374350086655,9.20253164556962,18.40506329113924,158.0,6319.0,0.0492160787581877,0.4515378005480523,0.7030392290008788,0.2000363720952257,31196.838568475283,20126.45550907114,2919,0,0,30958,0,0,0.875
0.8,256,1,1.0,100,100,200,230.0,184.0,0.1143322993716694,0.45,0.445652874317349,0.4452900680856394,0.4460156805490589,5.56,0.0,2.78,25.171790235081374,0.0,25.171790235081374,72.35714285714286,144.71428571428572,252.0,4726.0,0.036808860296122,0.4610313335276658,0.7220444311375018,0.2000182359178296,26813.28563639591,11026.953106546594,1777,0,0,49022,0,0,0.45
0.8,512,1,1.0,100,100,200,230.0,184.0,0.1143322993716694,0.45,0.4505651451554806,0.4489495736884639,0.4521807166224972,5.71,0.0,2.855,24.73498233215548,0.0,24.73498233215548,78.75735294117646,157.5147058823529,272.0,4716.0,0.0367309744300701,0.4616029976953973,0.7231841784601933,0.2000218169306014,27297.184301827852,11303.143276423829,1768,0,0,48586,0,0,0.45
0.8,1024,1,1.0,100,100,200,230.0,184.0,0.1143322993716694,0.45,0.449609353105836,0.4506884990275522,0.4485302071841199,5.95,0.0,2.975,24.684838160136287,0.0,24.684838160136287,74.72556390977444,149.45112781954887,266.0,4932.0,0.0384133091367909,0.4639460591588341,0.7278711453092949,0.2000209730083734,28601.73579056853,11139.545274170232,1771,0,0,48870,0,0,0.45
0.9025,256,1,1.0,100,100,200,230.0,207.575,0.1289811252286646,0.45,0.445652874317349,0.4452900680856394,0.4460156805490589,5.79,0.0,2.895,25.88132635253054,0.0,25.88132635253054,79.36293436293437,158.72586872586874,259.0,4439.0,0.0345735359404328,0.4575210764539318,0.715016827270838,0.2000253256370256,26522.69978200034,9774.302764758198,1562,0,0,51671,0,0,0.45
0.9025,512,1,1.0,100,100,200,230.0,207.575,0.1289811252286646,0.45,0.4505651451554806,0.4489495736884639,0.4521807166224972,5.76,0.0,2.88,25.76140350877193,0.0,25.76140350877193,70.22509225092251,140.45018450184503,271.0,4521.0,0.0352122000420583,0.4537944162057664,0.7075665050466842,0.2000223273648485,26599.526090929303,10019.38650057797,1614,0,0,51124,0,0,0.45
0.9025,1024,1,1.0,100,100,200,230.0,207.575,0.1289811252286646,0.45,0.449609353105836,0.4506884990275522,0.4485302071841199,5.81,0.0,2.905,25.82867132867133,0.0,25.82867132867133,66.86531986531986,133.73063973063972,297.0,4493.0,0.034994119617113,0.4531621850078318,0.7062911930555832,0.2000331769600804,27121.015951146797,9873.90424482946,1556,0,0,51538,0,0,0.45
0.95,256,1,1.0,100,100,200,230.0,218.5,0.1357696055038574,0.45,0.445652874317349,0.4452900680856394,0.4460156805490589,5.46,0.0,2.73,27.46323529411765,0.0,27.46323529411765,82.32307692307693,164.64615384615385,260.0,4114.0,0.0320422452937465,0.464429914052324,0.7288148199120416,0.2000450081926062,24816.25078739363,9284.844653916189,1471,0,0,52728,0,0,0.45
0.95,512,1,1.0,100,100,200,230.0,218.5,0.1357696055038574,0.45,0.4505651451554806,0.4489495736884639,0.4521807166224972,5.87,0.0,2.935,26.375215146299485,0.0,26.375215146299485,75.56050955414013,151.12101910828025,314.0,4387.0,0.034168529436963,0.4549971452587971,0.7099674227056242,0.20002686781197,26696.980492030092,9518.245783790073,1565,0,0,52058,0,0,0.45
0.95,1024,1,1.0,100,100,200,230.0,218.5,0.1357696055038574,0.45,0.449609353105836,0.4506884990275522,0.4485302071841199,5.02,0.0,2.51,28.955465587044536,0.0,28.955465587044536,70.13765182186235,140.2753036437247,247.0,4114.0,0.0320422452937465,0.4594740056792837,0.7189220603568767,0.2000259510016908,24360.53931819798,9380.481796411676,1485,0,0,52527,0,0,0.45
1.0,256,1,1.0,100,100,200,230.0,230.0,0.1429153742145868,0.45,0.445652874317349,0.4452900680856394,0.4460156805490589,5.73,0.0,2.865,28.371681415929203,0.0,28.371681415929203,72.61565836298932,145.23131672597864,281.0,4325.0,0.0336856370674413,0.4662902494421769,0.7325522579193319,0.200028240965022,26264.093153471425,8821.203700416952,1527,0,0,53324,0,0,0.45
1.0,512,1,1.0,100,100,200,230.0,230.0,0.1429153742145868,0.45,0.4505651451554806,0.4489495736884639,0.4521807166224972,5.51,0.0,2.755,28.22222222222222,0.0,28.22222222222222,82.21070234113712,164.42140468227424,299.0,4336.0,0.0337713115200984,0.4539897212718607,0.7079363921786775,0.200043050365044,25839.23884905059,9041.75318205587,1491,0,0,53047,0,0,0.45
1.0,1024,1,1.0,100,100,200,230.0,230.0,0.1429153742145868,0.45,0.449609353105836,0.4506884990275522,0.4485302071841199,5.65,0.0,2.825,27.18132854578097,0.0,27.18132854578097,60.688644688644686,121.37728937728936,273.0,4399.0,0.0342619924762253,0.4376743277703165,0.6753233498848185,0.2000253056558146,26476.38425043693,8911.480848941248,1471,0,0,53333,0,0,0.45
1.05,256,1,1.0,100,100,200,230.0,241.5,0.1500611429253161,0.45,0.445652874317349,0.4452900680856394,0.4460156805490589,5.81,0.0,2.905,27.709281961471103,0.0,27.709281961471103,91.43513513513514,182.87027027027028,370.0,3975.0,0.0309596317556253,0.4725252650535104,0.7450241040054826,0.2000264261015384,24263.082456520544,8401.20836391977,1412,0,0,54310,0,0,0.45
1.05,512,1,1.0,100,100,200,230.0,241.5,0.1500611429253161,0.45,0.4505651451554806,0.4489495736884639,0.4521807166224972,5.44,0.0,2.72,29.4803738317757,0.0,29.4803738317757,72.80546075085324,145.61092150170649,293.0,4260.0,0.0331793789381041,0.4405944788445975,0.6811622862374833,0.2000266714517118,26414.206064719154,8611.752891575783,1443,0,0,53893,0,0,0.45
1.05,1024,1,1.0,100,100,200,230.0,241.5,0.1500611429253161,0.45,0.449609353105836,0.4506884990275522,0.4485302071841199,5.64,0.0,2.82,28.92753623188406,0.0,28.92753623188406,75.85448916408669,151.70897832817337,323.0,4287.0,0.0333896707764442,0.4537032484288321,0.7073481972042442,0.2000582996534197,26066.63629562655,8485.99778244118,1427,0,0,54122,0,0,0.45
1.1025,256,1,1.0,100,100,200,230.0,253.575,0.1575642000715819,0.45,0.445652874317349,0.4452900680856394,0.4460156805490589,5.99,0.0,2.995,27.747048903878586,0.0,27.747048903878586,82.91620111731844,165.83240223463687,358.0,4044.0,0.0314970442313833,0.4551872369760261,0.710340756321067,0.2000337176309854,25276.44130941558,8000.913655401403,1332,0,0,55196,0,0,0.45
1.1025,512,1,1.0,100,100,200,230.0,253.575,0.1575642000715819,0.45,0.4505651451554806,0.4489495736884639,0.4521807166224972,5.27,0.0,2.635,28.976744186046513,0.0,28.976744186046513,76.69888475836431,153.39776951672863,269.0,3924.0,0.0305624138387606,0.4425861722501796,0.6851213675772049,0.2000509769231542,23284.67028479293,8200.878850475488,1396,0,0,54688,0,0,0.45
1.1025,1024,1,1.0,100,100,200,230.0,253.575,0.1575642000715819,0.45,0.449609353105836,0.4506884990275522,0.4485302071841199,5.74,0.0,2.87,28.409252669039144,0.0,28.409252669039144,71.61764705882354,143.2352941176471,340.0,4110.0,0.0320110909473257,0.4457848894773828,0.6915322171915009,0.2000375617632647,25386.105463580938,8082.577179354885,1380,0,0,54931,0,0,0.45
1.2,256,1,1.0,100,100,200,230.0,276.0,0.1714984490575041,0.45,0.445652874317349,0.4452900680856394,0.4460156805490589,5.54,0.0,2.77,30.474452554744527,0.0,30.474452554744527,82.85633802816902,165.71267605633804,355.0,3999.0,0.0311465578341498,0.4454607699269246,0.6908753561672414,0.2000461836866076,24523.85152415559,7350.466889629886,1365,0,0,56151,0,0,0.45
1.2,512,1,1.0,100,100,200,230.0,276.0,0.1714984490575041,0.45,0.4505651451554806,0.4489495736884639,0.4521807166224972,5.69,0.0,2.845,30.107526881720432,0.0,30.107526881720432,84.81741573033707,169.63483146067418,356.0,3913.0,0.0304767393861036,0.4478405945895483,0.695645476801553,0.2000357123775438,24791.41201491823,7535.013604246014,1276,0,0,56124,0,0,0.45
1.2,1024,1,1.0,100,100,200,230.0,276.0,0.1714984490575041,0.45,0.449609353105836,0.4506884990275522,0.4485302071841199,5.49,0.0,2.745,30.65677179962894,0.0,30.65677179962894,72.72205438066466,145.44410876132932,331.0,4042.0,0.0314814670581729,0.4379836366115474,0.6759308281308237,0.2000364450922709,24748.625424348396,7425.901153739913,1355,0,0,56048,0,0,0.45
0.8,256,1,1.0,100,100,200,230.0,184.0,0.1143322993716694,0.15,0.1456528743173491,0.1452900680856394,0.1460156805490588,0.87,0.77,0.82,47.07142857142857,101.50649350649353,73.1055900621118,45.82222222222222,91.64444444444445,45.0,2811.0,0.0218937169471855,0.2791291179136622,0.3206085676494174,0.2376496681779069,3553.0324703420815,18460.802211422124,2409,77,19927,11389,77,19927,0.15
0.8,512,1,1.0,100,100,200,230.0,184.0,0.1143322993716694,0.15,0.1505651451554805,0.1489495736884638,0.1521807166224972,1.2,0.59,0.895,38.890756302521005,97.9322033898305,58.46067415730337,37.1764705882353,74.3529411764706,51.0,2476.0,0.0192845404344473,0.2686093058006676,0.3344470391472359,0.2027715724540991,4900.945280050807,14424.486631742802,1939,59,24265,15905,59,24265,0.15
0.8,1024,1,1.0,100,100,200,230.0,184.0,0.1143322993716694,0.15,0.149609353105836,0.1506884990275522,0.1485302071841198,1.27,0.7,0.985,39.376,101.54285714285714,61.69230769230769,47.582089552238806,95.1641791044776,67.0,2749.0,0.0214108245776638,0.294619461463664,0.3464942455749462,0.2427446773523818,5272.076692085305,16279.139490977304,2165,71,20921,14579,71,20921,0.15
0.9025,256,1,1.0,100,100,200,230.0,207.575,0.1289811252286646,0.15,0.1456528743173491,0.1452900680856394,0.1460156805490588,0.95,0.76,0.855,43.04255319148936,102.8157894736842,69.76470588235294,45.666666666666664,91.33333333333331,54.0,2699.0,0.0210213952474044,0.263705143355422,0.3132974835032145,0.2141128032076296,3625.3868706431967,17294.398291337067,2300,76,20423,13063,76,20423,0.15
0.9025,512,1,1.0,100,100,200,230.0,207.575,0.1289811252286646,0.15,0.1505651451554805,0.1489495736884638,0.1521807166224972,1.18,0.56,0.87,38.837606837606835,102.78571428571428,59.53757225433526,46.12244897959184,92.24489795918367,49.0,2406.0,0.0187393393720841,0.2545231942909197,0.3147567284611991,0.1942896601206403,4891.763535588922,13078.010312048891,1848,57,24247,17924,57,24247,0.15
0.9025,1024,1,1.0,100,100,200,230.0,207.575,0.1289811252286646,0.15,0.149609353105836,0.1506884990275522,0.1485302071841198,1.12,0.69,0.905,43.711711711711715,103.04347826086956,66.45555555555555,45.30769230769231,90.6153846153846,65.0,2585.0,0.0201334963744129,0.2883606307861848,0.3610339492740623,0.2156873122983073,3990.679082998667,15509.390340250337,2143,69,20961,16251,69,20961,0.15
0.95,256,1,1.0,100,100,200,230.0,218.5,0.1357696055038574,0.15,0.1456528743173491,0.1452900680856394,0.1460156805490588,0.71,0.76,0.735,51.32394366197183,102.78947368421052,77.93197278911565,35.57446808510638,71.14893617021276,47.0,2694.0,0.0209824523143785,0.2508160129014868,0.3023232984929017,0.199308727310072,2873.481373239372,16999.888527368385,2366,76,19107,14682,76,19107,0.15
0.95,512,1,1.0,100,100,200,230.0,218.5,0.1357696055038574,0.15,0.1505651451554805,0.1489495736884638,0.1521807166224972,1.03,0.58,0.805,48.16,99.48275862068964,67.0,47.729166666666664,95.45833333333331,48.0,2306.0,0.0179604807115652,0.2630039157797017,0.3372347317939819,0.1887730997654215,4606.793325055403,12673.759378553335,1796,58,24656,18736,58,24656,0.15
0.95,1024,1,1.0,100,100,200,230.0,218.5,0.1357696055038574,0.15,0.149609353105836,0.1506884990275522,0.1485302071841198,1.23,0.7,0.965,41.739837398373986,101.6,63.45077720207254,54.096774193548384,108.19354838709675,62.0,2579.0,0.0200867648547818,0.2809700427683489,0.3566286108814459,0.2053114746552518,4577.4202980367145,15141.686302546535,2100,70,21094,16790,70,21094,0.15
1.0,256,1,1.0,100,100,200,230.0,230.0,0.1429153742145868,0.15,0.1456528743173491,0.1452900680856394,0.1460156805490588,0.88,0.75,0.815,43.51724137931034,104.08,71.55555555555556,37.02272727272727,74.04545454545455,44.0,2657.0,0.0206942746099865,0.2482619809334833,0.3013801612275076,0.195143800639459,3104.1760825736296,16287.123130093409,2268,75,19007,16199,75,19007,0.15
1.0,512,1,1.0,100,100,200,230.0,230.0,0.1429153742145868,0.15,0.1505651451554805,0.1489495736884638,0.1521807166224972,1.17,0.58,0.875,40.58620689655172,99.6206896551724,60.264367816091955,40.26,80.52,50.0,2302.0,0.0179293263651445,0.2495833241531622,0.3056046821350828,0.1935619661712417,5139.829936359871,11872.237601802,1723,59,24163,20301,59,24163,0.15
1.0,1024,1,1.0,100,100,200,230.0,230.0,0.1429153742145868,0.15,0.149609353105836,0.1506884990275522,0.1485302071841198,1.34,0.69,1.015,39.54545454545455,103.0144927536232,61.333333333333336,40.40677966101695,80.8135593220339,59.0,2702.0,0.02104476100722,0.2653588922697725,0.3343995115319936,0.1963182730075514,5399.830035139861,14706.085181929871,2111,69,20177,18396,69,20177,0.15
1.05,256,1,1.0,100,100,200,230.0,241.5,0.1500611429253161,0.15,0.1456528743173491,0.1452900680856394,0.1460156805490588,0.87,0.76,0.815,46.833333333333336,102.86842105263158,73.45,42.916666666666664,85.83333333333333,48.0,2551.0,0.0198686844298365,0.2496720845869142,0.3042434173744724,0.195100751799356,3313.0514655034517,15541.318711555768,2158,76,19604,17107,76,19604,0.15
1.05,512,1,1.0,100,100,200,230.0,241.5,0.1500611429253161,0.15,0.1505651451554805,0.1489495736884638,0.1521807166224972,1.06,0.56,0.81,47.57692307692308,102.92857142857144,66.95,49.85106382978723,99.70212765957449,47.0,2135.0,0.0166286324020779,0.2669611861712432,0.3403653793260905,0.1935569930163959,4244.651911130966,11283.05994998999,1653,57,24870,20700,57,24870,0.15
1.05,1024,1,1.0,100,100,200,230.0,241.5,0.1500611429253161,0.15,0.149609353105836,0.1506884990275522,0.1485302071841198,1.11,0.69,0.9,45.909909909909906,103.04347826086956,67.81111111111112,42.9344262295082,85.8688524590164,61.0,2431.0,0.0189340540372138,0.2790618441272242,0.3494085877635505,0.2087151004908977,4310.214143645964,13586.86939019163,1958,71,20609,19372,71,20609,0.15
1.1025,256,1,1.0,100,100,200,230.0,253.575,0.1575642000715819,0.15,0.1456528743173491,0.1452900680856394,0.1460156805490588,1.01,0.75,0.88,39.68,104.32,67.38285714285715,49.17857142857143,98.35714285714286,56.0,2560.0,0.0199387817092832,0.2419734424891587,0.2899905443525475,0.19395634062577,3538.6213166930384,14832.745119868076,2152,75,19777,18121,75,19777,0.15
1.1025,512,1,1.0,100,100,200,230.0,253.575,0.1575642000715819,0.15,0.1505651451554805,0.1489495736884638,0.1521807166224972,1.1,0.55,0.825,45.27272727272727,104.8,65.11515151515151,47.629629629629626,95.25925925925924,54.0,2060.0,0.0160444884066888,0.2688564614178124,0.3441408584232473,0.1935720644123776,3951.004542443434,10732.694988609854,1608,56,24983,21644,56,24983,0.15
1.1025,1024,1,1.0,100,100,200,230.0,253.575,0.1575642000715819,0.15,0.149609353105836,0.1506884990275522,0.1485302071841198,1.18,0.71,0.945,43.813559322033896,100.33802816901408,65.04761904761905,41.82089552238806,83.64179104477611,67.0,2488.0,0.0193780034737096,0.2675869544152533,0.3407910027651191,0.1943829060653876,4511.335198218723,13448.63018920026,1988,71,20494,20422,71,20494,0.15
1.2,256,1,1.0,100,100,200,230.0,276.0,0.1714984490575041,0.15,0.1456528743173491,0.1452900680856394,0.1460156805490588,0.76,0.77,0.765,48.61333333333334,101.94805194805195,75.63157894736842,48.21739130434783,96.43478260869566,46.0,2361.0,0.0183888529748506,0.2403635213580466,0.2876974316605429,0.1930296110555504,2718.614811413359,13709.22126106265,2038,77,19599,20393,77,19599,0.15
1.2,512,1,1.0,100,100,200,230.0,276.0,0.1714984490575041,0.15,0.1505651451554805,0.1489495736884638,0.1521807166224972,1.11,0.58,0.845,46.45454545454545,99.96551724137932,64.92857142857143,46.46808510638298,92.93617021276596,47.0,1959.0,0.0152578411595647,0.264486004120311,0.3353648240011413,0.1936071842394806,4235.948434603239,9925.417859312423,1506,59,24687,23514,59,24687,0.15
1.2,1024,1,1.0,100,100,200,230.0,276.0,0.1714984490575041,0.15,0.149609353105836,0.1506884990275522,0.1485302071841198,1.1,0.7,0.9,45.407407407407405,101.77142857142856,67.57303370786516,35.67741935483871,71.35483870967742,62.0,2249.0,0.0175165312750695,0.2663041401983489,0.3393394837009344,0.1932687966957634,3771.052794495635,12394.433773021074,1835,70,20443,22617,70,20443,0.15
